{
    "id": "26ef1121-97f8-11ef-b1e1-49612c63f05a",
    "charts": [
        {
            "n": 4,
            "m": 4,
            "quad": {
                "p1": {
                    "x": 0.04545454545454547,
                    "y": 0.04545454545454547
                },
                "p2": {
                    "x": 0.04545454545454547,
                    "y": 0.9545454545454546
                },
                "p3": {
                    "x": 0.9545454545454546,
                    "y": 0.9545454545454546
                },
                "p4": {
                    "x": 0.9545454545454546,
                    "y": 0.04545454545454547
                }
            }
        }
    ],
    "connections": [],
    "constraints": {
        "coincidents": [],
        "equidistants": []
    }
}