{
    "id": "3c89d301-9b02-11ef-875a-dda34af0000f",
    "name": "kilominx",
    "charts": [
        {
            "n": 2,
            "m": 2,
            "quad": {
                "p1": {
                    "x": 0.2743889302755552,
                    "y": 0.2349916586506104
                },
                "p2": {
                    "x": 0.4999783815899051,
                    "y": 0.5456074128383693
                },
                "p3": {
                    "x": 0.7256749563966406,
                    "y": 0.23509056772602643
                },
                "p4": {
                    "x": 0.5000706479027834,
                    "y": 0.06767180116344218
                }
            }
        },
        {
            "n": 2,
            "m": 2,
            "quad": {
                "p1": {
                    "x": 0.04545454545454547,
                    "y": 0.3978275406293633
                },
                "p2": {
                    "x": 0.13485355321857356,
                    "y": 0.6641628862775109
                },
                "p3": {
                    "x": 0.5000020558641424,
                    "y": 0.545572078786322
                },
                "p4": {
                    "x": 0.27438251421441495,
                    "y": 0.23499582911134836
                }
            }
        },
        {
            "n": 2,
            "m": 2,
            "quad": {
                "p1": {
                    "x": 0.21896087395573632,
                    "y": 0.9322149202414672
                },
                "p2": {
                    "x": 0.4998860466821528,
                    "y": 0.9294872696489995
                },
                "p3": {
                    "x": 0.5000020558641424,
                    "y": 0.545572078786322
                },
                "p4": {
                    "x": 0.13484701777521263,
                    "y": 0.6641723937860824
                }
            }
        },
        {
            "n": 2,
            "m": 2,
            "quad": {
                "p1": {
                    "x": 0.7256755409568527,
                    "y": 0.23509455751157243
                },
                "p2": {
                    "x": 0.5000020558641424,
                    "y": 0.545572078786322
                },
                "p3": {
                    "x": 0.8650469604565086,
                    "y": 0.6643167249234982
                },
                "p4": {
                    "x": 0.9545454545454546,
                    "y": 0.3980147990555889
                }
            }
        },
        {
            "n": 2,
            "m": 2,
            "quad": {
                "p1": {
                    "x": 0.5000020558641424,
                    "y": 0.545572078786322
                },
                "p2": {
                    "x": 0.4998788632984446,
                    "y": 0.9294877240784732
                },
                "p3": {
                    "x": 0.7808111780908844,
                    "y": 0.9323281988365578
                },
                "p4": {
                    "x": 0.8650504528801869,
                    "y": 0.6643225770629635
                }
            }
        }
    ],
    "connections": [
        {
            "fromA": 0,
            "toA": 1,
            "rot": {
                "x": 0,
                "y": 2
            },
            "trans": {
                "x": 4,
                "y": 0
            }
        },
        {
            "fromA": 0,
            "toA": 3,
            "rot": {
                "x": 2,
                "y": 0
            },
            "trans": {
                "x": -4,
                "y": 2
            }
        },
        {
            "fromA": 1,
            "toA": 2,
            "rot": {
                "x": -2,
                "y": 0
            },
            "trans": {
                "x": 6,
                "y": 0
            }
        },
        {
            "fromA": 2,
            "toA": 4,
            "rot": {
                "x": 2,
                "y": 0
            },
            "trans": {
                "x": -4,
                "y": 2
            }
        },
        {
            "fromA": 3,
            "toA": 4,
            "rot": {
                "x": 0,
                "y": 2
            },
            "trans": {
                "x": 0,
                "y": -4
            }
        }
    ],
    "constraints": {
        "coincidents": [
            {
                "coords": [
                    {
                        "a": 2,
                        "hk": {
                            "x": 3,
                            "y": -1
                        }
                    },
                    {
                        "a": 1,
                        "hk": {
                            "x": -1,
                            "y": 3
                        }
                    }
                ]
            },
            {
                "coords": [
                    {
                        "a": 4,
                        "hk": {
                            "x": -1,
                            "y": 3
                        }
                    },
                    {
                        "a": 2,
                        "hk": {
                            "x": -1,
                            "y": 3
                        }
                    }
                ]
            },
            {
                "coords": [
                    {
                        "a": 3,
                        "hk": {
                            "x": 3,
                            "y": 3
                        }
                    },
                    {
                        "a": 4,
                        "hk": {
                            "x": 3,
                            "y": -1
                        }
                    }
                ]
            },
            {
                "coords": [
                    {
                        "a": 0,
                        "hk": {
                            "x": 3,
                            "y": 3
                        }
                    },
                    {
                        "a": 3,
                        "hk": {
                            "x": -1,
                            "y": -1
                        }
                    }
                ]
            },
            {
                "coords": [
                    {
                        "a": 1,
                        "hk": {
                            "x": 3,
                            "y": -1
                        }
                    },
                    {
                        "a": 0,
                        "hk": {
                            "x": -1,
                            "y": -1
                        }
                    }
                ]
            },
            {
                "coords": [
                    {
                        "a": 2,
                        "hk": {
                            "x": 3,
                            "y": 3
                        }
                    },
                    {
                        "a": 3,
                        "hk": {
                            "x": -1,
                            "y": 3
                        }
                    },
                    {
                        "a": 1,
                        "hk": {
                            "x": 3,
                            "y": 3
                        }
                    },
                    {
                        "a": 4,
                        "hk": {
                            "x": -1,
                            "y": -1
                        }
                    },
                    {
                        "a": 0,
                        "hk": {
                            "x": -1,