{
    "id": "030c3ec1-9804-11ef-8f22-9947761f2d81",
    "name": "easy example",
    "charts": [
        {
            "n": 1,
            "m": 1,
            "quad": {
                "p1": {
                    "x": 0.2727272705965036,
                    "y": 0.10635209073441754
                },
                "p2": {
                    "x": 0.3484848484053591,
                    "y": 0.5000000009253958
                },
                "p3": {
                    "x": 0.6515151514379041,
                    "y": 0.4999999993641707
                },
                "p4": {
                    "x": 0.7272727251039335,
                    "y": 0.10635208788951883
                }
            }
        },
        {
            "n": 1,
            "m": 1,
            "quad": {
                "p1": {
                    "x": 0.34848484817570613,
                    "y": 0.5000000007506461
                },
                "p2": {
                    "x": 0.27272727544957853,
                    "y": 0.8936479121804466
                },
                "p3": {
                    "x": 0.7272727299517421,
                    "y": 0.8936479097924479
                },
                "p4": {
                    "x": 0.6515151512296306,
                    "y": 0.49999999952222174
                }
            }
        },
        {
            "n": 1,
            "m": 1,
            "quad": {
                "p1": {
                    "x": 0.04545454545454547,
                    "y": 0.5000000029121461
                },
                "p2": {
                    "x": 0.2727272756242449,
                    "y": 0.8936479121061824
                },
                "p3": {
                    "x": 0.34848484817570613,
                    "y": 0.5000000007506461
                },
                "p4": {
                    "x": 0.2727272706732287,
                    "y": 0.10635209074783286
                }
            }
        },
        {
            "n": 1,
            "m": 1,
            "quad": {
                "p1": {
                    "x": 0.6515151512296306,
                    "y": 0.49999999952222174
                },
                "p2": {
                    "x": 0.7272727301121342,
                    "y": 0.8936479099189147
                },
                "p3": {
                    "x": 0.9545454545454546,
                    "y": 0.49999999747851676
                },
                "p4": {
                    "x": 0.7272727251696556,
                    "y": 0.10635208781955346
                }
            }
        }
    ],
    "connections": [
        {
            "fromA": 0,
            "toA": 1,
            "rot": {
                "x": 0,
                "y": 2
            },
            "trans": {
                "x": 0,
                "y": -2
            }
        },
        {
            "fromA": 0,
            "toA": 2,
            "rot": {
                "x": 0,
                "y": 2
            },
            "trans": {
                "x": 2,
                "y": 0
            }
        },
        {
            "fromA": 0,
            "toA": 3,
            "rot": {
                "x": -2,
                "y": 0
            },
            "trans": {
                "x": 0,
                "y": -2
            }
        },
        {
            "fromA": 1,
            "toA": 2,
            "rot": {
                "x": -2,
                "y": 0
            },
            "trans": {
                "x": 0,
                "y": 2
            }
        },
        {
            "fromA": 1,
            "toA": 3,
            "rot": {
                "x": 0,
                "y": 2
            },
            "trans": {
                "x": -2,
                "y": 0
            }
        }
    ],
    "constraints": {
        "coincidents": [
            {
                "coords": [
                    {
                        "a": 0,
                        "hk": {
                            "x": 1,
                            "y": -1
                        }
                    },
                    {
                        "a": 3,
                        "hk": {
                            "x": 1,
                            "y": -1
                        }
                    }
                ]
            },
            {
                "coords": [
                    {
                        "a": 2,
                        "hk": {
                            "x": 1,
                            "y": -1
                        }
                    },
                    {
                        "a": 0,
                        "hk": {
                            "x": -1,
                            "y": -1
                        }
                    }
                ]
            },
            {
                "coords": [
                    {
                        "a": 1,
                        "hk": {
                            "x": 1,
                            "y": 1
                        }
                    },
                    {
                        "a": 3,
                        "hk": {
                            "x": -1,
                            "y": 1
                        }
                    }
                ]
            },
            {
                "coords": [
                    {
                        "a": 2,
                        "hk": {
                            "x": -1,
                            "y": 1
                        }
                    },
                    {
                        "a": 1,
                        "hk": {
                            "x": -1,
                            "y": 1
                        }
                    }
                ]
            },
            {
                "coords": [
                    {
                        "a": 2,
                        "hk": {
                            "x": 1,
                            "y": 1
                        }
                    },
                    {
                        "a": 1,
                        "hk": {
                            "x": -1,
                            "y": -1
                        }
                    },
                    {
                        "a": 0,
                        "hk": {
                            "x": -1,
                            "y": 1
                        }
                    }
                ]
            },
            {
                "coords": [
                    {
                        "a": 3,
                        "hk": {
                            "x": -1,
                            "y": -1
                        }
                    },
                    {
                        "a": 1,
                        "hk": {
                            "x": 1,
                            "y": -1
                        }
                    },
                    {
                        "a": 0,
                        "hk": {
                            "x": 1,
                            "y": 1
                        }
                    }
                ]
            }
        ],
        "equidistants": [
            {
                "sides": [
                    {
                        "c1": {
                            "a": 0,
                            "hk": {
                                "x": -1,
                                "y": 1
                            }
                        },
                        "c2": {
                            "a": 2,
                            "hk": {
                                "x": -1,
                                "y": -1
                            }
                        }
                    },
                    {
                        "c1": {
                            "a": 3,
                            "hk": {
                                "x": 1,