{
    "id": "bc1a64b1-98df-11ef-b4f9-adee726b9e0f",
    "name": "easy frame",
    "charts": [
        {
            "n": 1,
            "m": 1,
            "quad": {
                "p1": {
                    "x": 0.045455588060612395,
                    "y": 0.045461339392492195
                },
                "p2": {
                    "x": 0.04546046924199043,
                    "y": 0.9545452821040001
                },
                "p3": {
                    "x": 0.3484928373291065,
                    "y": 0.651517163553178
                },
                "p4": {
                    "x": 0.34848083562834786,
                    "y": 0.34848985262978915
                }
            }
        },
        {
            "n": 1,
            "m": 1,
            "quad": {
                "p1": {
                    "x": 0.04545568811986156,
                    "y": 0.045461144562279454
                },
                "p2": {
                    "x": 0.34848008525731555,
                    "y": 0.3484904537317196
                },
                "p3": {
                    "x": 0.6515081465414377,
                    "y": 0.3484767881256827
                },
                "p4": {
                    "x": 0.9545395307578691,
                    "y": 0.04545454545454547
                }
            }
        },
        {
            "n": 1,
            "m": 1,
            "quad": {
                "p1": {
                    "x": 0.34848008525731555,
                    "y": 0.3484904537317196
                },
                "p2": {
                    "x": 0.34849357824095817,
                    "y": 0.6515178410724548
                },
                "p3": {
                    "x": 0.6515201482419636,
                    "y": 0.6515040990826144
                },
                "p4": {
                    "x": 0.6515074725864326,
                    "y": 0.3484757107647083
                }
            }
        },
        {
            "n": 1,
            "m": 1,
            "quad": {
                "p1": {
                    "x": 0.6515074725864326,
                    "y": 0.3484757107647083
                },
                "p2": {
                    "x": 0.6515209655697471,
                    "y": 0.651503098152821
                },
                "p3": {
                    "x": 0.9545444119393875,
                    "y": 0.9545384881641557
                },
                "p4": {
                    "x": 0.9545399980882587,
                    "y": 0.04545477284810051
                }
            }
        },
        {
            "n": 1,
            "m": 1,
            "quad": {
                "p1": {
                    "x": 0.34849357824095817,
                    "y": 0.6515178410724548
                },
                "p2": {
                    "x": 0.04545993495478484,
                    "y": 0.9545454545454546
                },
                "p3": {
                    "x": 0.9545442449233568,
                    "y": 0.9545390828289191
                },
                "p4": {
                    "x": 0.6515209655697471,
                    "y": 0.651503098152821
                }
            }
        }
    ],
    "connections": [
        {
            "fromA": 0,
            "toA": 1,
            "rot": {
                "x": -2,
                "y": 0
            },
            "trans": {
                "x": -2,
                "y": 0
            }
        },
        {
            "fromA": 0,
            "toA": 2,
            "rot": {
                "x": 0,
                "y": 2
            },
            "trans": {
                "x": -2,
                "y": 0
            }
        },
        {
            "fromA": 0,
            "toA": 4,
            "rot": {
                "x": 2,
                "y": 0
            },
            "trans": {
                "x": -2,
                "y": 0
            }
        },
        {
            "fromA": 1,
            "toA": 2,
            "rot": {
                "x": 0,
                "y": 2
            },
            "trans": {
                "x": 0,
                "y": -2
            }
        },
        {
            "fromA": 1,
            "toA": 3,
            "rot": {
                "x": -2,
                "y": 0
            },
            "trans": {
                "x": 0,
                "y": -2
            }
        },
        {
            "fromA": 2,
            "toA": 3,
            "rot": {
                "x": 0,
                "y": 2
            },
            "trans": {
                "x": -2,
                "y": 0
            }
        },
        {
            "fromA": 2,
            "toA": 4,
            "rot": {
                "x": 0,
                "y": 2
            },
            "trans": {
                "x": 0,
                "y": -2
            }
        },
        {
            "fromA": 3,
            "toA": 4,
            "rot": {
                "x": -2,
                "y": 0
            },
            "trans": {
                "x": 2,
                "y": 0
            }
        }
    ],
    "constraints": {
        "coincidents": [
            {
                "coords": [
                    {
                        "a": 1,
                        "hk": {
                            "x": 1,
                            "y": -1
                        }
                    },
                    {
                        "a": 3,
                        "hk": {
                            "x": 1,
                            "y": -1
                        }
                    }
                ]
            },
            {
                "coords": [
                    {
                        "a": 0,
                        "hk": {
                            "x": -1,
                            "y": -1
                        }
                    },
                    {
                        "a": 1,
                        "hk": {
                            "x": -1,
                            "y": -1
                        }
                    }
                ]
            },
            {
                "coords": [
                    {
                        "a": 4,
                        "hk": {
                            "x": 1,
                            "y": 1
                        }
                    },
                    {
                        "a": 3,
                        "hk": {
                            "x": 1,
                            "y": 1
                        }
                    }
                ]
            },
            {
                "coords": [
                    {
                        "a": 0,
                        "hk": {
                            "x": -1,
                            "y": 1
                        }
                    },
                    {
                        "a": 4,
                        "hk": {
                            "x": -1,
                            "y": 1
                        }
                    }
                ]
            },
            {
                "coords": [
                    {
                        "a": 2,
                        "hk": {
                            "x": 1,
                            "y": -1
                        }
                    },
                    {
                        "a": 3,
                        "hk": {
                            "x": -1,
                            "y": -1
                        }
                    },
                    {
                        "a": 1,
                        "hk": {
                            "x": 1,
                            "y": 1
                        }
                    }
                ]
            },
            {
                "coords": [
                    {
                        "a": 2,
                        "hk": {
                            "x": -1,