{
    "id": "b41fe481-97f7-11ef-b1e1-49612c63f05a",
    "name": "classic 3x3",
    "charts": [
        {
            "n": 3,
            "m": 3,
            "quad": {
                "p1": {
                    "x": 0.04545454545454558,
                    "y": 0.04545454545454558
                },
                "p2": {
                    "x": 0.04545454545454558,
                    "y": 0.9545454545454544
                },
                "p3": {
                    "x": 0.9545454545454544,
                    "y": 0.9545454545454544
                },
                "p4": {
                    "x": 0.9545454545454544,
                    "y": 0.04545454545454558
                }
            }
        }
    ],
    "connections": [],
    "constraints": {
        "coincidents": [],
        "equidistants": []
    }
}